"Depressed","zAge","zStress"
0,0.506055892157574,-0.0551427471953871
1,-0.574739960134649,0.744495247096679
1,-0.546631855784187,0.544402291685094
1,-0.564451999093283,0.58141415986553
1,-0.890037829044104,2.20791758924467
1,-0.477192699753547,1.06704411007602
0,-0.998386444859704,-0.245342948345471
0,-0.77625389463799,-0.220273936176614
1,0.0644588172762693,1.22979472050293
1,0.959494058970771,0.653139876531262
